,Model,MAE,MSE,RMSE,R Squared
0,Random Forest Regression,0.4504335329683094,1.7633596588995941,1.327915531537904,0.9860125623589227
1,Support Vector,6.486086901120783,125.38501673652353,11.197545120986275,0.005412710971272716
2,Poisson,7.080682579676959,113.35495116031481,10.64682822066341,0.1008383895706676
3,Negative Binomial,7.105968774965604,117.72491714269154,10.850111388492357,0.10047215901942463
4,Lasso (L1 Regularization),7.129611442667994,114.58019890963548,10.704214072487316,0.09111939866487118
5,Ridge (L2 Regularization),7.130367906130443,114.5843443065473,10.704407704611558,0.09108651627442477
6,XGBoost,2.8375323297784343,13.959750232748661,3.736274913968278,0.8892675496572048
7,K-Nearest Neighbors,1.1041771154259512,8.261038905208855,2.8742023076340426,0.9344712430309132
